1,Markus,Kiefer,mkiefer0@vistaprint.com
2,Odille,Motton,omotton1@163.com
3,Robinetta,Arkill,rarkill2@answers.com
4,Dorie,Chalcraft,dchalcraft3@independent.co.uk
5,Carma,Janko,cjanko4@zimbio.com
6,Antonetta,Chaize,achaize5@bigcartel.com
7,Richardo,Pyecroft,rpyecroft6@wikispaces.com
8,Sawyere,Baudet,sbaudet7@java.com
9,Georgianne,Casotti,gcasotti8@nydailynews.com
10,Galen,Blease,gblease9@pagesperso-orange.fr
11,Kalvin,Perris,kperrisa@google.com.hk
12,Darrell,Leftwich,dleftwichb@craigslist.org
13,Corrie,Sant,csantc@jalbum.net
14,Darrelle,Kingman,dkingmand@sun.com
15,Boycie,Garthshore,bgarthshoree@china.com.cn
16,Koren,Westmoreland,kwestmorelandf@nbcnews.com
17,Melisande,Ivanshintsev,mivanshintsevg@dion.ne.jp
18,Brad,Harroway,bharrowayh@wikia.com
19,Emmye,Sargant,esarganti@zimbio.com
20,Rois,Threadgill,rthreadgillj@kickstarter.com
21,Gerri,Ogelsby,gogelsbyk@nationalgeographic.com
22,Cosme,Starzaker,cstarzakerl@sitemeter.com
23,Harriott,Semper,hsemperm@nifty.com
24,Matt,Brennand,mbrennandn@japanpost.jp
25,Romonda,Ferri,rferrio@sciencedaily.com
26,Adriaens,Pinwell,apinwellp@dell.com
27,Dale,Jermyn,djermynq@hp.com
28,Roselle,McCullogh,rmcculloghr@timesonline.co.uk
29,Raymond,McCluney,rmccluneys@google.com.hk
30,Nerti,Gilyott,ngilyottt@zimbio.com
31,Bess,Edess,bedessu@dedecms.com
32,Tallia,Aizikovich,taizikovichv@sina.com.cn
33,Magnum,Beseke,mbesekew@boston.com
34,Sheena,Geely,sgeelyx@ameblo.jp
35,Barbaraanne,Teas,bteasy@unesco.org
36,Jane,Stamps,jstampsz@omniture.com
37,Celestia,Tompkiss,ctompkiss10@theatlantic.com
38,Margarethe,Nyles,mnyles11@baidu.com
39,Katie,Pavlov,kpavlov12@reddit.com
40,Lynett,Harhoff,lharhoff13@hugedomains.com
41,Gearalt,Waitland,gwaitland14@ning.com
42,Anni,Dunbleton,adunbleton15@hubpages.com
43,Dianne,Jerzykiewicz,djerzykiewicz16@ifeng.com
44,Debee,Cosans,dcosans17@buzzfeed.com
45,Ravid,Donan,rdonan18@drupal.org
46,Jennette,Mieville,jmieville19@marriott.com
47,Lorant,Foxten,lfoxten1a@scribd.com
48,Rudy,Grene,rgrene1b@gmpg.org
49,Parker,Hallet,phallet1c@so-net.ne.jp
50,Daron,Kochlin,dkochlin1d@angelfire.com
51,Livvy,Ferraron,lferraron1e@washington.edu
52,Prentiss,Jakubczyk,pjakubczyk1f@fda.gov
53,Ray,Fewlass,rfewlass1g@vk.com
54,Freddie,Sickling,fsickling1h@huffingtonpost.com
55,Petronella,Ashingden,pashingden1i@flavors.me
56,Romy,Paunsford,rpaunsford1j@4shared.com
57,Stefan,Iannazzi,siannazzi1k@amazon.com
58,Anallese,Coules,acoules1l@webnode.com
59,Janenna,Boutellier,jboutellier1m@illinois.edu
60,Roderigo,Lansly,rlansly1n@accuweather.com
61,Sydelle,Dallicoat,sdallicoat1o@abc.net.au
62,Paulo,Downie,pdownie1p@sohu.com
63,Donny,Hacaud,dhacaud1q@webs.com
64,Darda,Worham,dworham1r@uol.com.br
65,Joya,Gettens,jgettens1s@shinystat.com
66,Otto,Kamenar,okamenar1t@economist.com
67,Lani,Danton,ldanton1u@twitter.com
68,Darby,Kike,dkike1v@soup.io
69,Lowell,Wiggett,lwiggett1w@youtube.com
70,Tamas,Kunath,tkunath1x@ycombinator.com
71,Karoly,Tenney,ktenney1y@desdev.cn
72,Lothaire,Wyant,lwyant1z@drupal.org
73,Josi,Meas,jmeas20@jalbum.net
74,Cassius,Rilton,crilton21@bbc.co.uk
75,Hill,Goldsack,hgoldsack22@blogger.com
76,Donica,Lempel,dlempel23@smh.com.au
77,Tim,Wissby,twissby24@cbsnews.com
78,Quinn,Kasperski,qkasperski25@examiner.com
79,Torey,Akker,takker26@pagesperso-orange.fr
80,Fiona,Pashenkov,fpashenkov27@hubpages.com
81,Rita,Parysowna,rparysowna28@ebay.co.uk
82,Nananne,Roll,nroll29@si.edu
83,Egon,D'Aguanno,edaguanno2a@jugem.jp
84,Nathanial,Betjeman,nbetjeman2b@cbsnews.com
85,Claudine,Veart,cveart2c@quantcast.com
86,Marcela,Bullingham,mbullingham2d@dailymotion.com
87,Emily,Sherland,esherland2e@cargocollective.com
88,Dorella,Coult,dcoult2f@taobao.com
89,Carley,Judson,cjudson2g@privacy.gov.au
90,Celka,Duchart,cduchart2h@columbia.edu
91,Hillel,Bowkley,hbowkley2i@google.it
92,Lorelei,Kollaschek,lkollaschek2j@mtv.com
93,Kyle,Colebrook,kcolebrook2k@weather.com
94,Kira,Croyden,kcroyden2l@dot.gov
95,Nertie,Hawkswood,nhawkswood2m@msn.com
96,Bailie,Sawers,bsawers2n@biglobe.ne.jp
97,Ellene,Lamminam,elamminam2o@nydailynews.com
98,Jacky,Calder,jcalder2p@intel.com
99,Melisse,Rennolds,mrennolds2q@census.gov
100,Bethany,Bruhnicke,bbruhnicke2r@msn.com
101,Cathi,Bach,cbach2s@nba.com
102,Greggory,Splaven,gsplaven2t@who.int
103,Alain,Cejka,acejka2u@istockphoto.com
104,Elyn,Bofield,ebofield2v@google.com.br
105,Vidovik,Gradly,vgradly2w@icio.us
106,Gale,Hiddsley,ghiddsley2x@gmpg.org
107,Gusella,Gostage,ggostage2y@virginia.edu
108,Shae,Catling,scatling2z@rambler.ru
109,Star,Spinke,sspinke30@barnesandnoble.com
110,Dannie,Caveney,dcaveney31@example.com
111,Winny,Blackham,wblackham32@sogou.com
112,Shea,Finlan,sfinlan33@unicef.org
113,Theobald,Ronisch,tronisch34@washington.edu
114,Corny,Darby,cdarby35@slate.com
115,Leslie,Wrighton,lwrighton36@sciencedaily.com
116,Berti,Radke,bradke37@technorati.com
117,Verla,Preist,vpreist38@123-reg.co.uk
118,Boot,Eul,beul39@hhs.gov
119,Terencio,Dodd,tdodd3a@unicef.org
120,Eve,Woodburne,ewoodburne3b@canalblog.com
121,Jarad,Brisse,jbrisse3c@godaddy.com
122,Florry,Kerfut,fkerfut3d@house.gov
123,Leighton,Bulward,lbulward3e@mediafire.com
124,Clea,Wyon,cwyon3f@free.fr
125,Daven,Flye,dflye3g@ed.gov
126,Dinnie,Sarsons,dsarsons3h@newsvine.com
127,Khalil,Cullingworth,kcullingworth3i@dell.com
128,Maurita,Magnay,mmagnay3j@adobe.com
129,Ursula,MacGinley,umacginley3k@elpais.com
130,Emanuele,Syred,esyred3l@uol.com.br
131,Orran,Trime,otrime3m@freewebs.com
132,Cirilo,Merrydew,cmerrydew3n@ezinearticles.com
133,Misti,Realy,mrealy3o@google.com
134,Charley,Lilburn,clilburn3p@businessweek.com
135,Nanny,Clemmensen,nclemmensen3q@blogspot.com
136,Omero,Whatman,owhatman3r@unc.edu
137,Crawford,Chatto,cchatto3s@amazonaws.com
138,Marlowe,Coalbran,mcoalbran3t@biglobe.ne.jp
139,Fredi,Doreward,fdoreward3u@wp.com
140,Reba,Drewes,rdrewes3v@diigo.com
141,Clementius,Watkiss,cwatkiss3w@dailymotion.com
142,Ellene,Gazey,egazey3x@wordpress.org
143,Dahlia,Papaminas,dpapaminas3y@europa.eu
144,Winslow,Ferie,wferie3z@icio.us
145,Minnie,Hawson,mhawson40@webmd.com
146,Madelina,Cresswell,mcresswell41@constantcontact.com
147,Xavier,Enriques,xenriques42@networksolutions.com
148,Shay,Andrin,sandrin43@businessweek.com
149,Guss,Shannahan,gshannahan44@issuu.com
150,Arny,Pummery,apummery45@telegraph.co.uk
151,Frannie,Silly,fsilly46@oakley.com
152,Emili,Maylin,emaylin47@imdb.com
153,Merralee,Dorrity,mdorrity48@sciencedaily.com
154,Saxon,Raistrick,sraistrick49@google.nl
155,Laurens,Higford,lhigford4a@cbsnews.com
156,Louella,Sargeant,lsargeant4b@who.int
157,Meghan,Babinski,mbabinski4c@people.com.cn
158,Victor,Dran,vdran4d@technorati.com
159,Tristam,MacFadzan,tmacfadzan4e@discuz.net
160,Bernarr,Ashburner,bashburner4f@mysql.com
161,Artair,Paule,apaule4g@comsenz.com
162,Pauline,Beall,pbeall4h@answers.com
163,Livy,Francesco,lfrancesco4i@e-recht24.de
164,Domenic,Everall,deverall4j@nifty.com
165,Laverne,Pitrelli,lpitrelli4k@princeton.edu
166,Hayes,Hick,hhick4l@php.net
167,Sarine,Jakab,sjakab4m@harvard.edu
168,Pepi,Rosenwasser,prosenwasser4n@squarespace.com
169,Shelley,Kalisz,skalisz4o@bandcamp.com
170,Nicol,Desantis,ndesantis4p@phoca.cz
171,Alain,Kadar,akadar4q@nsw.gov.au
172,Desmund,Freezer,dfreezer4r@over-blog.com
173,Levy,Gilvary,lgilvary4s@blogs.com
174,Ryley,Bolden,rbolden4t@yahoo.co.jp
175,Barry,Jaray,bjaray4u@arizona.edu
176,Walther,Agglione,wagglione4v@ed.gov
177,Peyter,Tookey,ptookey4w@reuters.com
178,Alayne,Rope,arope4x@hao123.com
179,Phillip,Styant,pstyant4y@bloglines.com
180,Nil,Erangey,nerangey4z@w3.org
181,Jessie,Teasell,jteasell50@japanpost.jp
182,Feodora,Iorizzi,fiorizzi51@histats.com
183,Jud,Leddy,jleddy52@answers.com
184,Brody,McEntee,bmcentee53@umn.edu
185,Brion,Mendel,bmendel54@vkontakte.ru
186,Hasty,Seniour,hseniour55@amazon.com
187,Bill,Luc,bluc56@smugmug.com
188,Rafaelia,Bartrap,rbartrap57@creativecommons.org
189,Shell,Cheevers,scheevers58@yahoo.co.jp
190,Glenden,Moret,gmoret59@scribd.com
191,Ermina,Featenby,efeatenby5a@studiopress.com
192,Erin,Borg,eborg5b@shareasale.com
193,Mersey,Haberfield,mhaberfield5c@microsoft.com
194,Donella,Canter,dcanter5d@cdc.gov
195,Linus,Shermore,lshermore5e@printfriendly.com
196,Georgia,Swarbrigg,gswarbrigg5f@nps.gov
197,Barnaby,Aronow,baronow5g@vinaora.com
198,Elana,Shaddick,eshaddick5h@issuu.com
199,Gabbie,Niven,gniven5i@baidu.com
200,Kimball,Harrap,kharrap5j@creativecommons.org
201,Temple,Lundon,tlundon5k@devhub.com
202,Angil,Lendrem,alendrem5l@e-recht24.de
203,Randolph,Thomason,rthomason5m@wikia.com
204,Jules,Sorbey,jsorbey5n@123-reg.co.uk
205,Delano,Suthworth,dsuthworth5o@flickr.com
206,Elvis,Binion,ebinion5p@friendfeed.com
207,Liuka,Mackett,lmackett5q@auda.org.au
208,Alain,Seagar,aseagar5r@linkedin.com
209,Thorn,Odeson,todeson5s@about.com
210,Richy,Brockett,rbrockett5t@miitbeian.gov.cn
211,Martelle,Marvelley,mmarvelley5u@independent.co.uk
212,Wilek,Lowndesbrough,wlowndesbrough5v@tripod.com
213,Humbert,Von Der Empten,hvonderempten5w@so-net.ne.jp
214,Cherish,Hamments,chamments5x@msu.edu
215,Em,Coldwell,ecoldwell5y@com.com
216,Normie,Maddrell,nmaddrell5z@clickbank.net
217,Omar,Whatman,owhatman60@yahoo.co.jp
218,Pammie,Brasse,pbrasse61@nytimes.com
219,Derwin,Le Floch,dlefloch62@spiegel.de
220,Nils,Hawkings,nhawkings63@jigsy.com
221,Dorey,Shenfish,dshenfish64@fastcompany.com
222,Zonda,Brazier,zbrazier65@slideshare.net
223,Alethea,De Luna,adeluna66@networkadvertising.org
224,Arch,Fasse,afasse67@blogs.com
225,Cesar,Lottrington,clottrington68@uiuc.edu
226,Jabez,Parkinson,jparkinson69@surveymonkey.com
227,Fayina,Phillip,fphillip6a@mtv.com
228,Art,Muzzlewhite,amuzzlewhite6b@skype.com
229,Melisa,Tennant,mtennant6c@desdev.cn
230,Faydra,Baber,fbaber6d@google.co.uk
231,Justina,Henrichs,jhenrichs6e@ameblo.jp
232,Link,Taylor,ltaylor6f@samsung.com
233,Jonah,Bertolin,jbertolin6g@redcross.org
234,Tabatha,Clamo,tclamo6h@dropbox.com
235,Alexia,Espinheira,aespinheira6i@prnewswire.com
236,Jinny,Bartoszinski,jbartoszinski6j@si.edu
237,Dulsea,Dearnley,ddearnley6k@samsung.com
238,Barty,Rodie,brodie6l@telegraph.co.uk
239,Lamar,Coper,lcoper6m@shutterfly.com
240,Reube,Kubacek,rkubacek6n@earthlink.net
241,Domenico,Waszkiewicz,dwaszkiewicz6o@cbc.ca
242,Antonius,Lunge,alunge6p@4shared.com
243,Vivyan,Hindmoor,vhindmoor6q@github.io
244,Mickey,Do,mdo6r@shop-pro.jp
245,Rourke,Charville,rcharville6s@weebly.com
246,Sanderson,Solan,ssolan6t@jigsy.com
247,Allin,Gummer,agummer6u@globo.com
248,Raymond,Noads,rnoads6v@amazon.de
249,Prentiss,Martinson,pmartinson6w@patch.com
250,Alvis,Noir,anoir6x@illinois.edu
251,Gavin,Redmore,gredmore6y@feedburner.com
252,Devland,Fishly,dfishly6z@mlb.com
253,Fleming,Childes,fchildes70@simplemachines.org
254,Melamie,Farmar,mfarmar71@slashdot.org
255,Lana,Joscelyne,ljoscelyne72@vinaora.com
256,Winfred,Girton,wgirton73@skype.com
257,Irwinn,Howard - Gater,ihowardgater74@abc.net.au
258,Lemmie,Lawman,llawman75@howstuffworks.com
259,Donielle,Northley,dnorthley76@who.int
260,Merrily,Willcox,mwillcox77@ameblo.jp
261,Marlane,Carrivick,mcarrivick78@xing.com
262,Read,Leghorn,rleghorn79@ebay.com
263,Consuelo,Thing,cthing7a@tripadvisor.com
264,Henry,Glason,hglason7b@jiathis.com
265,Raychel,Mifflin,rmifflin7c@usa.gov
266,Aldrich,Taffarello,ataffarello7d@github.io
267,Carolina,Oda,coda7e@icio.us
268,Jemima,Gladtbach,jgladtbach7f@seattletimes.com
269,Nick,Jiggle,njiggle7g@studiopress.com
270,Korie,Frankham,kfrankham7h@imageshack.us
271,Nikolos,Eden,neden7i@ustream.tv
272,Alexia,Culy,aculy7j@yellowpages.com
273,Astrid,Calvert,acalvert7k@oakley.com
274,Udall,Shoebotham,ushoebotham7l@dailymail.co.uk
275,Terrence,Woolger,twoolger7m@apache.org
276,Bunni,Maguire,bmaguire7n@ning.com
277,Rupert,Tankus,rtankus7o@businesswire.com
278,Antonio,Lillicrop,alillicrop7p@dell.com
279,Humphrey,Verheyden,hverheyden7q@tripadvisor.com
280,Michele,Megarrell,mmegarrell7r@technorati.com
281,Wright,M'Quharge,wmquharge7s@behance.net
282,Konrad,Lennon,klennon7t@cnbc.com
283,Colline,Court,ccourt7u@free.fr
284,Reggie,O'Towey,rotowey7v@latimes.com
285,Manuel,Kob,mkob7w@senate.gov
286,Tomas,Moreton,tmoreton7x@elegantthemes.com
287,Reyna,Nisot,rnisot7y@spiegel.de
288,Morissa,Savin,msavin7z@nationalgeographic.com
289,Dalenna,Lowdiane,dlowdiane80@ox.ac.uk
290,Chariot,Willers,cwillers81@yellowbook.com
291,Armin,Cattlow,acattlow82@goodreads.com
292,Wood,Collihole,wcollihole83@unc.edu
293,Carroll,Curwood,ccurwood84@bluehost.com
294,Tremaine,Tunnah,ttunnah85@hp.com
295,Glenn,Newe,gnewe86@google.de
296,Winnie,Marchelli,wmarchelli87@smh.com.au
297,Allyson,Askey,aaskey88@scribd.com
298,My,Lyven,mlyven89@fotki.com
299,Alfonse,O'Kinneally,aokinneally8a@nydailynews.com
300,Kellina,Kennham,kkennham8b@a8.net
301,Janice,Epton,jepton8c@uol.com.br
302,Bernhard,Kerfod,bkerfod8d@hao123.com
303,Gray,Rickard,grickard8e@issuu.com
304,Johannah,Duddy,jduddy8f@google.com.hk
305,Jodee,Trolley,jtrolley8g@deliciousdays.com
306,Gunar,Broadis,gbroadis8h@virginia.edu
307,Shana,Greenhowe,sgreenhowe8i@umn.edu
308,Launce,De Brett,ldebrett8j@bloglovin.com
309,Roz,Archibould,rarchibould8k@wp.com
310,Rafaela,Gravell,rgravell8l@baidu.com
311,Carla,Ferris,cferris8m@newyorker.com
312,Jean,Aronson,jaronson8n@google.cn
313,Caril,Galliver,cgalliver8o@liveinternet.ru
314,Zelma,Housen,zhousen8p@seesaa.net
315,Jamie,O'Moylan,jomoylan8q@issuu.com
316,Rania,Singers,rsingers8r@canalblog.com
317,Joell,Fabbri,jfabbri8s@loc.gov
318,Maridel,Twinning,mtwinning8t@cnn.com
319,Hayden,Estevez,hestevez8u@theglobeandmail.com
320,Dacy,Wheatland,dwheatland8v@guardian.co.uk
321,Erasmus,Kase,ekase8w@netlog.com
322,Robb,Drakes,rdrakes8x@latimes.com
323,Enrico,Addinall,eaddinall8y@4shared.com
324,Catie,Works,cworks8z@rediff.com
325,Frayda,Masson,fmasson90@hhs.gov
326,Cleveland,Ninnotti,cninnotti91@hexun.com
327,Massimo,Ternouth,mternouth92@clickbank.net
328,Kelsi,Gerlack,kgerlack93@scribd.com
329,Hillary,Winchurch,hwinchurch94@gov.uk
330,Clary,Kellog,ckellog95@harvard.edu
331,Prent,Tunnicliffe,ptunnicliffe96@washingtonpost.com
332,Ceil,Bonifas,cbonifas97@goodreads.com
333,Ardella,Jolland,ajolland98@issuu.com
334,Mickey,Kennifick,mkennifick99@webnode.com
335,Major,Kiddie,mkiddie9a@tinyurl.com
336,Zolly,Sidaway,zsidaway9b@mayoclinic.com
337,Bernardina,Rubertelli,brubertelli9c@bloglines.com
338,Woodrow,Videan,wvidean9d@hud.gov
339,Karlee,Degoix,kdegoix9e@reference.com
340,Pierrette,Wyness,pwyness9f@behance.net
341,Anatole,Breston,abreston9g@webeden.co.uk
342,Lorene,Scripps,lscripps9h@123-reg.co.uk
343,Yoshi,Jewson,yjewson9i@elpais.com
344,Jeffy,Elvidge,jelvidge9j@about.com
345,Sallyanne,Kalinsky,skalinsky9k@ox.ac.uk
346,Noreen,Huddart,nhuddart9l@cisco.com
347,Amelia,Drogan,adrogan9m@unesco.org
348,Nadine,Bamforth,nbamforth9n@simplemachines.org
349,Zorina,Mickleburgh,zmickleburgh9o@msn.com
350,Kelcie,Prendergrass,kprendergrass9p@zdnet.com
351,Anderea,Lunbech,alunbech9q@youtube.com
352,Darya,Ryan,dryan9r@technorati.com
353,Giorgio,Dedman,gdedman9s@ebay.co.uk
354,Ruby,Stenhouse,rstenhouse9t@admin.ch
355,Huberto,Neno,hneno9u@walmart.com
356,Jere,Mecco,jmecco9v@hhs.gov
357,Lurline,Britch,lbritch9w@photobucket.com
358,Ken,Rockell,krockell9x@latimes.com
359,Lacey,Klain,lklain9y@cdc.gov
360,Shadow,Hanburry,shanburry9z@cbsnews.com
361,Neville,Linch,nlincha0@engadget.com
362,Jeanie,Cowx,jcowxa1@meetup.com
363,Crawford,Hessle,chesslea2@mozilla.com
364,Thalia,Wressell,twressella3@ning.com
365,Flossie,Tesyro,ftesyroa4@usa.gov
366,Cheryl,Woolland,cwoollanda5@de.vu
367,Mace,Goggin,mgoggina6@gizmodo.com
368,Marshal,Dryburgh,mdryburgha7@liveinternet.ru
369,Jorie,Grindlay,jgrindlaya8@g.co
370,Seamus,Alban,salbana9@stumbleupon.com
371,Maison,Sharkey,msharkeyaa@edublogs.org
372,Shelton,Sancho,ssanchoab@virginia.edu
373,Winnifred,Westcar,wwestcarac@archive.org
374,Meyer,Majury,mmajuryad@desdev.cn
375,Shermy,Oldland,soldlandae@nytimes.com
376,Ricard,Koschek,rkoschekaf@networkadvertising.org
377,Ingrim,MacEllen,imacellenag@technorati.com
378,Ana,Gosforth,agosforthah@instagram.com
379,Davon,Vanyutin,dvanyutinai@forbes.com
380,Shannon,Brosnan,sbrosnanaj@gnu.org
381,Brion,Astie,bastieak@last.fm
382,Mayne,Bool,mboolal@over-blog.com
383,Wilmette,Cruce,wcruceam@nydailynews.com
384,Hortense,Berkelay,hberkelayan@sogou.com
385,Melany,Harmer,mharmerao@furl.net
386,Erl,Griffitts,egriffittsap@bing.com
387,Marc,Fergie,mfergieaq@xinhuanet.com
388,Katine,Abbess,kabbessar@google.com.br
389,Saudra,Minards,sminardsas@xing.com
390,Erinn,Bridywater,ebridywaterat@wikispaces.com
391,Cynthie,Haffenden,chaffendenau@issuu.com
392,Annabal,Mose,amoseav@bloglines.com
393,Jule,Allaway,jallawayaw@europa.eu
394,Vasili,Houston,vhoustonax@forbes.com
395,Julius,Porcher,jporcheray@vimeo.com
396,Griffie,Niessen,gniessenaz@opensource.org
397,Lizbeth,MacGibbon,lmacgibbonb0@csmonitor.com
398,Sorcha,Ellinor,sellinorb1@cdc.gov
399,Lacee,M'cowis,lmcowisb2@paypal.com
400,Lenard,Harrhy,lharrhyb3@virginia.edu
401,Cy,Spira,cspirab4@zdnet.com
402,Sherwin,Louis,slouisb5@bloglines.com
403,Dena,Marjoribanks,dmarjoribanksb6@a8.net
404,Guglielma,Orange,gorangeb7@bluehost.com
405,Hermon,Dulanty,hdulantyb8@cdbaby.com
406,Joey,Laydon,jlaydonb9@nyu.edu
407,Bartie,Tarply,btarplyba@walmart.com
408,Buddy,Saddleton,bsaddletonbb@ehow.com
409,Dillon,Rouchy,drouchybc@jugem.jp
410,Quinta,McKeown,qmckeownbd@t-online.de
411,Richmound,Flux,rfluxbe@loc.gov
412,Camel,Aherne,cahernebf@typepad.com
413,Stacee,Westhofer,swesthoferbg@liveinternet.ru
414,Rozella,Cleyburn,rcleyburnbh@mlb.com
415,Catriona,Bravey,cbraveybi@comcast.net
416,Roland,Lotze,rlotzebj@mediafire.com
417,Jenni,Highnam,jhighnambk@freewebs.com
418,Alvina,Fretwell,afretwellbl@nih.gov
419,Isaiah,Lilywhite,ililywhitebm@360.cn
420,Dianemarie,Badman,dbadmanbn@slideshare.net
421,Merrielle,Birckmann,mbirckmannbo@biglobe.ne.jp
422,Angil,Rosenfrucht,arosenfruchtbp@about.me
423,Ricard,Nono,rnonobq@tinypic.com
424,Hillary,Kyffin,hkyffinbr@hostgator.com
425,Clair,Walkden,cwalkdenbs@addtoany.com
426,Tully,Nizard,tnizardbt@google.ru
427,Johnathon,Scothron,jscothronbu@printfriendly.com
428,Kore,Crisp,kcrispbv@fc2.com
429,Dominique,Joutapavicius,djoutapaviciusbw@bloglovin.com
430,Minetta,Egleton,megletonbx@123-reg.co.uk
431,Ulrich,Yerborn,uyerbornby@so-net.ne.jp
432,Jen,Fontes,jfontesbz@senate.gov
433,Benedetto,Featherby,bfeatherbyc0@paginegialle.it
434,Evangelia,Merrall,emerrallc1@fda.gov
435,Chlo,Laroux,clarouxc2@sogou.com
436,Janice,Skune,jskunec3@discuz.net
437,Adina,Jenks,ajenksc4@nhs.uk
438,Melvin,Beasant,mbeasantc5@umn.edu
439,Baillie,Clawe,bclawec6@gov.uk
440,Sutherland,Tipper,stipperc7@cdbaby.com
441,Calla,Tutin,ctutinc8@lycos.com
442,Garrik,Sprey,gspreyc9@gnu.org
443,Kippie,Selvester,kselvesterca@is.gd
444,Stafani,Gianulli,sgianullicb@google.nl
445,Jonathon,Oleszkiewicz,joleszkiewiczcc@illinois.edu
446,Cassy,Corneljes,ccorneljescd@lycos.com
447,Annnora,Nassie,anassiece@rakuten.co.jp
448,Loreen,McIlenna,lmcilennacf@icio.us
449,Celestyn,Durnford,cdurnfordcg@biblegateway.com
450,Celeste,Toretta,ctorettach@nbcnews.com
451,Tiena,Gummie,tgummieci@dailymail.co.uk
452,Hanson,Stenner,hstennercj@sina.com.cn
453,Ive,Oran,ioranck@simplemachines.org
454,Nealon,Frays,nfrayscl@icio.us
455,Minda,Casa,mcasacm@ox.ac.uk
456,Tallie,Maynell,tmaynellcn@berkeley.edu
457,Norris,Ager,nagerco@cafepress.com
458,Jaclyn,Thying,jthyingcp@mashable.com
459,Pernell,Di Carli,pdicarlicq@baidu.com
460,Skipton,Baldung,sbaldungcr@nydailynews.com
461,Arel,Fremantle,afremantlecs@yelp.com
462,Leonid,Arboine,larboinect@over-blog.com
463,Myrtie,Fache,mfachecu@statcounter.com
464,Colette,Le Brom,clebromcv@ning.com
465,Zilvia,Millen,zmillencw@networkadvertising.org
466,Robbi,Hazeup,rhazeupcx@usa.gov
467,Homere,Stapells,hstapellscy@fc2.com
468,Martainn,Kleiser,mkleisercz@sohu.com
469,Quinn,Bidewell,qbidewelld0@netscape.com
470,Gregorio,Ouldred,gouldredd1@businesswire.com
471,Nedda,Leechman,nleechmand2@naver.com
472,Libbi,Cornbill,lcornbilld3@posterous.com
473,Shae,Galey,sgaleyd4@netscape.com
474,Shannon,Slot,sslotd5@apple.com
475,Perl,Ludgate,pludgated6@intel.com
476,Anissa,Ambrosini,aambrosinid7@alexa.com
477,Sadye,Randell,srandelld8@google.ru
478,Fields,Tabour,ftabourd9@amazon.de
479,Jeane,Dasent,jdasentda@shinystat.com
480,Artie,Ben,abendb@reference.com
481,Reyna,Wincom,rwincomdc@lulu.com
482,Chelsie,Gwynn,cgwynndd@tripadvisor.com
483,Analiese,Denidge,adenidgede@bing.com
484,Meade,Kuhle,mkuhledf@ucsd.edu
485,Chet,Cotton,ccottondg@msn.com
486,Homerus,Santer,hsanterdh@ameblo.jp
487,Yetta,Loughran,yloughrandi@a8.net
488,Markus,Champken,mchampkendj@ebay.co.uk
489,Stesha,Kerin,skerindk@stanford.edu
490,Malva,Wilding,mwildingdl@boston.com
491,Quint,Grono,qgronodm@github.io
492,Frances,Malyan,fmalyandn@toplist.cz
493,Fabiano,Blewett,fblewettdo@umich.edu
494,Molly,Bowdon,mbowdondp@cisco.com
495,Katerina,Frounks,kfrounksdq@si.edu
496,Trefor,Reitenbach,treitenbachdr@comcast.net
497,Buddie,Hamber,bhamberds@biblegateway.com
498,Evania,Freen,efreendt@t-online.de
499,Raine,Phillott,rphillottdu@techcrunch.com
500,Ag,Noquet,anoquetdv@alexa.com
501,Colin,Girauld,cgiraulddw@imgur.com
502,Jorey,Pridmore,jpridmoredx@mozilla.com
503,Tish,Gozard,tgozarddy@soup.io
504,Ruthanne,Goose,rgoosedz@goo.gl
505,Selig,Basford,sbasforde0@furl.net
506,Gaston,Courteney,gcourteneye1@google.nl
507,Codi,Moncreiff,cmoncreiffe2@cnbc.com
508,Fitzgerald,Apps,fappse3@blogger.com
509,Nona,Reade,nreadee4@php.net
510,Berkley,Jaher,bjahere5@icio.us
511,Taddeusz,Whodcoat,twhodcoate6@google.com.hk
512,Danyette,MacRierie,dmacrieriee7@cnn.com
513,Sanford,Rubke,srubkee8@tripadvisor.com
514,Mitchael,Winterburn,mwinterburne9@gizmodo.com
515,Nyssa,Flintoft,nflintoftea@tripod.com
516,Jule,Heckner,jhecknereb@dailymail.co.uk
517,Chadwick,Regina,creginaec@google.cn
518,Guss,McErlaine,gmcerlaineed@yelp.com
519,Georgia,Talman,gtalmanee@scribd.com
520,Justine,Bucktharp,jbucktharpef@sakura.ne.jp
521,Mechelle,Wybern,mwyberneg@usda.gov
522,Cobbie,Pakes,cpakeseh@princeton.edu
523,Eadmund,Spare,espareei@woothemes.com
524,Becky,Duligall,bduligallej@a8.net
525,Aridatha,Billinge,abillingeek@reuters.com
526,Alexina,Steedman,asteedmanel@odnoklassniki.ru
527,Shanon,Houston,shoustonem@clickbank.net
528,Nathaniel,Temprell,ntemprellen@mapquest.com
529,Margret,Hechlin,mhechlineo@amazon.co.jp
530,Shelden,Rentz,srentzep@hexun.com
531,Noak,Dunrige,ndunrigeeq@bloglines.com
532,Kippy,Goering,kgoeringer@biblegateway.com
533,Ericha,Brettel,ebretteles@cbsnews.com
534,Chelsae,Kirgan,ckirganet@nyu.edu
535,Max,Terris,mterriseu@guardian.co.uk
536,Tedie,Thornber,tthornberev@amazon.co.jp
537,Corbin,Abethell,cabethellew@comcast.net
538,Marcellus,Threlkeld,mthrelkeldex@zdnet.com
539,Gradeigh,Witheford,gwithefordey@is.gd
540,Lind,Johnsson,ljohnssonez@unc.edu
541,Carleen,Joder,cjoderf0@indiatimes.com
542,Ursala,Chislett,uchislettf1@nymag.com
543,Tristam,Pickavance,tpickavancef2@seesaa.net
544,Edin,Gwilym,egwilymf3@yandex.ru
545,Karon,Lowrey,klowreyf4@ocn.ne.jp
546,James,Giacovelli,jgiacovellif5@vimeo.com
547,Jo-anne,Spender,jspenderf6@shutterfly.com
548,Tiffany,Backwell,tbackwellf7@vk.com
549,Erena,Hyder,ehyderf8@flavors.me
550,Land,Noods,lnoodsf9@biglobe.ne.jp
551,Jamesy,McTerlagh,jmcterlaghfa@nationalgeographic.com
552,Bernadette,Mursell,bmursellfb@ning.com
553,Fritz,Massimo,fmassimofc@craigslist.org
554,Amelita,Avon,aavonfd@pen.io
555,Bary,Hellwig,bhellwigfe@tumblr.com
556,Saidee,Reijmers,sreijmersff@altervista.org
557,Gertie,Gask,ggaskfg@spiegel.de
558,Jenny,Harvison,jharvisonfh@gizmodo.com
559,Antonie,Devonside,adevonsidefi@oakley.com
560,Revkah,Kubasek,rkubasekfj@cyberchimps.com
561,Betty,Oscroft,boscroftfk@example.com
562,Cindee,Bollon,cbollonfl@google.com
563,Ambrosius,Randales,arandalesfm@elpais.com
564,Park,Ridolfi,pridolfifn@businessweek.com
565,Waverley,Fairburne,wfairburnefo@cbsnews.com
566,Rudyard,Weight,rweightfp@drupal.org
567,Mollie,Eby,mebyfq@wikipedia.org
568,Ignaz,Capini,icapinifr@hud.gov
569,Aloin,Mecco,ameccofs@posterous.com
570,Rab,Wilstead,rwilsteadft@163.com
571,Concettina,Turbefield,cturbefieldfu@ucoz.com
572,Shina,Drohane,sdrohanefv@dyndns.org
573,Nyssa,Joddins,njoddinsfw@cargocollective.com
574,June,Barefoot,jbarefootfx@hibu.com
575,Dulcine,Curnokk,dcurnokkfy@elpais.com
576,Winthrop,Warrack,wwarrackfz@gravatar.com
577,Berke,Ranscombe,branscombeg0@xing.com
578,Grata,Thornally,gthornallyg1@odnoklassniki.ru
579,Tommi,Hellwig,thellwigg2@nature.com
580,Aguistin,Physick,aphysickg3@army.mil
581,Ashby,Leroux,alerouxg4@theatlantic.com
582,Nettle,Youthead,nyoutheadg5@technorati.com
583,Arv,Matteini,amatteinig6@ehow.com
584,Elicia,Leadstone,eleadstoneg7@barnesandnoble.com
585,Paul,Bessett,pbessettg8@un.org
586,Tiebold,Croydon,tcroydong9@cyberchimps.com
587,Carrie,Aimer,caimerga@ucsd.edu
588,Nickola,Reubbens,nreubbensgb@google.co.uk
589,Kizzie,Sells,ksellsgc@naver.com
590,Celestyna,Thirwell,cthirwellgd@example.com
591,Noell,Tewes,ntewesge@dion.ne.jp
592,Jayme,Beazey,jbeazeygf@mac.com
593,Milka,Lejeune,mlejeunegg@posterous.com
594,Ingamar,Feltham,ifelthamgh@howstuffworks.com
595,Cammy,Breming,cbreminggi@a8.net
596,Jeremie,de Grey,jdegreygj@booking.com
597,Royall,Dillow,rdillowgk@amazon.co.uk
598,Hadrian,Jauncey,hjaunceygl@nifty.com
599,Theodosia,Stoffers,tstoffersgm@sohu.com
600,Angelico,Sigsworth,asigsworthgn@1und1.de
601,Dollie,Bickford,dbickfordgo@mtv.com
602,Humfrey,Kitchenside,hkitchensidegp@yelp.com
603,Zacharias,Longhi,zlonghigq@youku.com
604,Jackquelin,McKelvey,jmckelveygr@sakura.ne.jp
605,Erhart,Rowston,erowstongs@vinaora.com
606,Lizzie,Hillum,lhillumgt@free.fr
607,Halimeda,Corteney,hcorteneygu@ifeng.com
608,Audrey,Vogelein,avogeleingv@redcross.org
609,Murry,Brickner,mbricknergw@weebly.com
610,Gratia,Brouncker,gbrounckergx@engadget.com
611,Leyla,Frensch,lfrenschgy@google.ca
612,Odelle,Fannin,ofanningz@google.com.au
613,Sherie,Routham,srouthamh0@hexun.com
614,Nichols,Whorlton,nwhorltonh1@newyorker.com
615,Viviyan,Valero,vvaleroh2@timesonline.co.uk
616,Angus,Alty,aaltyh3@instagram.com
617,Godfree,MacTurlough,gmacturloughh4@dmoz.org
618,Marne,Eamer,meamerh5@netlog.com
619,Patrizius,Drawmer,pdrawmerh6@yale.edu
620,Judi,Willishire,jwillishireh7@businessweek.com
621,Dniren,Hartnell,dhartnellh8@behance.net
622,Hetti,Montez,hmontezh9@vk.com
623,Marcelle,Stonham,mstonhamha@nature.com
624,Robbyn,Leaney,rleaneyhb@sakura.ne.jp
625,Doll,Brombell,dbrombellhc@wsj.com
626,Orren,Menco,omencohd@google.ru
627,Charmian,McComish,cmccomishhe@biglobe.ne.jp
628,Sigfrid,Pinckstone,spinckstonehf@umn.edu
629,Tybie,L' Estrange,tlestrangehg@alexa.com
630,Gordy,Francomb,gfrancombhh@facebook.com
631,Mason,Collidge,mcollidgehi@gmpg.org
632,Halette,Campbell,hcampbellhj@dyndns.org
633,Trace,Crouse,tcrousehk@java.com
634,Norris,Lyle,nlylehl@flickr.com
635,Jerome,Archibould,jarchibouldhm@artisteer.com
636,Dominick,Jaskowicz,djaskowiczhn@github.io
637,Holt,Dugdale,hdugdaleho@mapy.cz
638,Jennica,McCulloch,jmccullochhp@sogou.com
639,Patrice,Gautrey,pgautreyhq@npr.org
640,Torry,Skelington,tskelingtonhr@hexun.com
641,Aluino,Norway,anorwayhs@java.com
642,Max,Tattersfield,mtattersfieldht@facebook.com
643,Nita,Brawson,nbrawsonhu@nasa.gov
644,Janina,Cosely,jcoselyhv@timesonline.co.uk
645,Sampson,Robun,srobunhw@meetup.com
646,Lynelle,Laba,llabahx@hp.com
647,Talbert,Ackwood,tackwoodhy@e-recht24.de
648,Mame,Croucher,mcroucherhz@howstuffworks.com
649,Rene,Sedgeworth,rsedgeworthi0@dion.ne.jp
650,Dorie,Hardwell,dhardwelli1@goodreads.com
651,Alecia,Klaaasen,aklaaaseni2@netlog.com
652,Alta,Sprigg,aspriggi3@cnbc.com
653,Katrinka,McWhannel,kmcwhanneli4@noaa.gov
654,Lazarus,Matfield,lmatfieldi5@answers.com
655,Lowe,Victory,lvictoryi6@addtoany.com
656,Woodie,Smitherham,wsmitherhami7@jimdo.com
657,Bryn,Camus,bcamusi8@quantcast.com
658,Elyse,Feore,efeorei9@studiopress.com
659,Modestia,Barrasse,mbarrasseia@tinyurl.com
660,Dene,Smalcombe,dsmalcombeib@4shared.com
661,Bree,Stodhart,bstodhartic@dmoz.org
662,Mala,Lutzmann,mlutzmannid@goo.ne.jp
663,Oswell,Kerslake,okerslakeie@apple.com
664,Wendy,Oxbie,woxbieif@amazon.co.jp
665,Archibold,Scarlan,ascarlanig@infoseek.co.jp
666,Katusha,Trounce,ktrounceih@stanford.edu
667,Cointon,Alstead,calsteadii@nbcnews.com
668,Celesta,Roizin,croizinij@tripadvisor.com
669,Andy,Stratton,astrattonik@washingtonpost.com
670,Lanny,Gribbon,lgribbonil@booking.com
671,Thomasine,Ferier,tferierim@networksolutions.com
672,Nicoline,MacGinlay,nmacginlayin@cafepress.com
673,Conrade,Pagram,cpagramio@msn.com
674,Osmund,Scane,oscaneip@europa.eu
675,Carlie,Jonke,cjonkeiq@eventbrite.com
676,Solly,Hatwells,shatwellsir@wix.com
677,Nicolais,Kordovani,nkordovaniis@craigslist.org
678,Jorgan,Delacote,jdelacoteit@senate.gov
679,Gustavus,Shields,gshieldsiu@freewebs.com
680,Karmen,Conochie,kconochieiv@blogspot.com
681,Gaby,Rounce,grounceiw@webs.com
682,Lelia,Waldren,lwaldrenix@sitemeter.com
683,Vilhelmina,Haselhurst,vhaselhurstiy@etsy.com
684,Sherilyn,Moles,smolesiz@phpbb.com
685,Tim,O'Scollain,toscollainj0@tripod.com
686,Dede,Brook,dbrookj1@reddit.com
687,Alic,Aylin,aaylinj2@wp.com
688,Siouxie,Beak,sbeakj3@prnewswire.com
689,Archibaldo,Roseveare,arosevearej4@mlb.com
690,Tudor,O'Hern,tohernj5@oracle.com
691,Crista,Bastiman,cbastimanj6@adobe.com
692,Giovanna,Shilito,gshilitoj7@amazon.com
693,Sacha,Birkhead,sbirkheadj8@spiegel.de
694,Nert,Sydall,nsydallj9@bandcamp.com
695,Guillema,Merrydew,gmerrydewja@hubpages.com
696,Georgie,Nurden,gnurdenjb@admin.ch
697,Franchot,Cawte,fcawtejc@sohu.com
698,Beverley,Von Der Empten,bvonderemptenjd@miibeian.gov.cn
699,Giff,Summerrell,gsummerrellje@chron.com
700,Matt,Zini,mzinijf@cafepress.com
701,Montague,Gauntley,mgauntleyjg@slashdot.org
702,Katina,Rolfe,krolfejh@t.co
703,Sianna,Stennard,sstennardji@hhs.gov
704,Glen,Adame,gadamejj@rediff.com
705,Sam,Tocque,stocquejk@jugem.jp
706,Phebe,Orrow,porrowjl@si.edu
707,Chandler,Wimlett,cwimlettjm@twitpic.com
708,Tait,Pollok,tpollokjn@google.com.br
709,Binny,Buckenhill,bbuckenhilljo@list-manage.com
710,Maximilian,Shewring,mshewringjp@tamu.edu
711,Artair,Nicholes,anicholesjq@ustream.tv
712,Renault,Lauxmann,rlauxmannjr@loc.gov
713,Kaylee,Bonson,kbonsonjs@indiegogo.com
714,Egbert,Keunemann,ekeunemannjt@acquirethisname.com
715,Caron,Simson,csimsonju@reddit.com
716,Martita,Isaac,misaacjv@scribd.com
717,Joceline,Emptage,jemptagejw@nba.com
718,Marcella,Gabrieli,mgabrielijx@ebay.co.uk
719,Guntar,Gligorijevic,ggligorijevicjy@tripadvisor.com
720,Lazarus,Vaneschi,lvaneschijz@nhs.uk
721,Haley,Delucia,hdeluciak0@instagram.com
722,Griselda,Pentelow,gpentelowk1@illinois.edu
723,Damien,Vurley,dvurleyk2@vinaora.com
724,Monah,Knutton,mknuttonk3@miibeian.gov.cn
725,Emery,McGiff,emcgiffk4@ocn.ne.jp
726,Ali,Gilbane,agilbanek5@github.com
727,Aryn,McGroarty,amcgroartyk6@narod.ru
728,Tymothy,Lonie,tloniek7@ustream.tv
729,Gaylor,Frosch,gfroschk8@theguardian.com
730,Luella,Rubes,lrubesk9@youtube.com
731,Amberly,Gaukroger,agaukrogerka@nature.com
732,Julieta,Meace,jmeacekb@nba.com
733,Halley,Rupp,hruppkc@yandex.ru
734,Emmerich,Rostron,erostronkd@utexas.edu
735,Beck,Jaume,bjaumeke@hao123.com
736,Hunt,Astle,hastlekf@washington.edu
737,Penn,Yaneev,pyaneevkg@simplemachines.org
738,Timotheus,Ciccone,tcicconekh@fastcompany.com
739,Chiquita,Danihelka,cdanihelkaki@livejournal.com
740,Oona,Coetzee,ocoetzeekj@cnet.com
741,Gwenore,Allinson,gallinsonkk@uiuc.edu
742,Kandace,Buzek,kbuzekkl@webmd.com
743,Shem,Radmore,sradmorekm@seesaa.net
744,Kain,MacNair,kmacnairkn@blogspot.com
745,Hetti,Branson,hbransonko@icio.us
746,Vale,Clute,vclutekp@jalbum.net
747,Elfie,Izkoveski,eizkoveskikq@hud.gov
748,Christin,Enion,cenionkr@acquirethisname.com
749,Rufus,Crevagh,rcrevaghks@shop-pro.jp
750,Chelsea,Kubach,ckubachkt@digg.com
751,Berna,Backs,bbacksku@blogtalkradio.com
752,Blinni,Bootherstone,bbootherstonekv@thetimes.co.uk
753,Mireielle,Striker,mstrikerkw@example.com
754,Javier,Brookbank,jbrookbankkx@examiner.com
755,Buck,Borthram,bborthramky@ft.com
756,Mira,Jostan,mjostankz@squidoo.com
757,Tyrus,Matyukon,tmatyukonl0@foxnews.com
758,Noami,Drance,ndrancel1@webs.com
759,Darnell,Darington,ddaringtonl2@merriam-webster.com
760,Alys,Caplan,acaplanl3@independent.co.uk
761,Rubia,Meers,rmeersl4@taobao.com
762,Tamiko,Keizman,tkeizmanl5@jiathis.com
763,Asia,Wildber,awildberl6@gmpg.org
764,Elsie,Spacie,espaciel7@vinaora.com
765,Lindsay,Eccott,leccottl8@flavors.me
766,Siward,Kunze,skunzel9@friendfeed.com
767,Aurlie,Frensch,afrenschla@t.co
768,Tiffanie,Shelbourne,tshelbournelb@wordpress.com
769,Candis,Weben,cwebenlc@google.it
770,Ber,Terzza,bterzzald@disqus.com
771,Rozalin,Lockhart,rlockhartle@slashdot.org
772,Dedra,Timbrell,dtimbrelllf@ft.com
773,Irene,Reedshaw,ireedshawlg@redcross.org
774,Judy,Warr,jwarrlh@de.vu
775,Kennan,Kordes,kkordesli@delicious.com
776,Trueman,Ivashin,tivashinlj@cyberchimps.com
777,Kynthia,Zimek,kzimeklk@woothemes.com
778,Oralla,Jelf,ojelfll@pbs.org
779,Harri,Fairley,hfairleylm@4shared.com
780,Becca,Twopenny,btwopennyln@cafepress.com
781,Charla,MacAlroy,cmacalroylo@de.vu
782,Corrie,Kolyagin,ckolyaginlp@com.com
783,Morgan,Tungate,mtungatelq@washington.edu
784,Tani,Feldberg,tfeldberglr@blogger.com
785,Goldie,Stonuary,gstonuaryls@hp.com
786,Joannes,Filyaev,jfilyaevlt@ted.com
787,Jewelle,Tomkies,jtomkieslu@google.ru
788,Sephira,Brownell,sbrownelllv@miitbeian.gov.cn
789,Ingaborg,Hunday,ihundaylw@netscape.com
790,Garland,Stocking,gstockinglx@discuz.net
791,Jobyna,Van Hesteren,jvanhesterenly@nih.gov
792,Ariella,Rackam,arackamlz@sakura.ne.jp
793,Aloysius,Hundall,ahundallm0@sourceforge.net
794,Brinna,Bartolommeo,bbartolommeom1@sfgate.com
795,Kile,Tuffell,ktuffellm2@tumblr.com
796,Audrye,Couves,acouvesm3@virginia.edu
797,Joaquin,Drinkel,jdrinkelm4@omniture.com
798,Amanda,Bixley,abixleym5@skyrock.com
799,Monroe,Bambra,mbambram6@epa.gov
800,Tilda,Wannop,twannopm7@mayoclinic.com
801,Gay,Deards,gdeardsm8@omniture.com
802,Gran,Queyeiro,gqueyeirom9@ovh.net
803,Clo,Grouvel,cgrouvelma@marriott.com
804,Hollis,Burditt,hburdittmb@usgs.gov
805,Kristofer,Akker,kakkermc@washington.edu
806,Philbert,Castilljo,pcastilljomd@istockphoto.com
807,Royal,Whitehouse,rwhitehouseme@fda.gov
808,Kalila,Walters,kwaltersmf@acquirethisname.com
809,Valaria,Cheston,vchestonmg@umich.edu
810,Armando,Boundy,aboundymh@auda.org.au
811,Melba,Whardley,mwhardleymi@wordpress.com
812,Towney,Serraillier,tserrailliermj@ehow.com
813,Pincus,Stones,pstonesmk@bloglovin.com
814,Doloritas,Windus,dwindusml@google.cn
815,Carmelia,Fry,cfrymm@answers.com
816,Martynne,Matfin,mmatfinmn@gnu.org
817,Gussie,Habergham,ghaberghammo@indiegogo.com
818,Twila,Pringer,tpringermp@gravatar.com
819,Helen-elizabeth,Eaves,heavesmq@unesco.org
820,Claudio,Nethercott,cnethercottmr@java.com
821,Silvano,Morillas,smorillasms@behance.net
822,Bertram,Balsdon,bbalsdonmt@taobao.com
823,Alameda,Starsmeare,astarsmearemu@tamu.edu
824,Lamar,Francois,lfrancoismv@cpanel.net
825,Tina,Locarno,tlocarnomw@facebook.com
826,Nikki,Jambrozek,njambrozekmx@forbes.com
827,Helenelizabeth,Terry,hterrymy@youku.com
828,Pauletta,Imlin,pimlinmz@nbcnews.com
829,Alastair,Ganing,aganingn0@youtube.com
830,Bernita,Waddam,bwaddamn1@ucoz.com
831,Pippo,Rysdale,prysdalen2@altervista.org
832,Cristi,Galway,cgalwayn3@wired.com
833,Theresita,Wayvill,twayvilln4@bbb.org
834,Nicol,Serris,nserrisn5@earthlink.net
835,Ramon,Tortice,rtorticen6@house.gov
836,Novelia,Jeaves,njeavesn7@disqus.com
837,Gilda,Veare,gvearen8@thetimes.co.uk
838,Billie,Henfre,bhenfren9@amazon.de
839,Terry,Stoakley,tstoakleyna@nhs.uk
840,Francklin,Mac,fmacnb@sogou.com
841,Dionne,Jimenez,djimeneznc@people.com.cn
842,Craggy,Paolucci,cpaoluccind@elegantthemes.com
843,Hurlee,Ommundsen,hommundsenne@twitpic.com
844,Vitia,Martin,vmartinnf@guardian.co.uk
845,Gram,Macrow,gmacrowng@salon.com
846,Hedda,Plowell,hplowellnh@mtv.com
847,Gerty,Dundendale,gdundendaleni@go.com
848,Matty,Jellman,mjellmannj@a8.net
849,Joela,Van der Merwe,jvandermerwenk@google.com
850,Danna,Camillo,dcamillonl@wordpress.org
851,Ingaborg,Kohler,ikohlernm@npr.org
852,Darlleen,Reedshaw,dreedshawnn@go.com
853,Martainn,Jacquot,mjacquotno@merriam-webster.com
854,Chucho,MacRedmond,cmacredmondnp@aol.com
855,Zaccaria,Weald,zwealdnq@mysql.com
856,Kissiah,Witsey,kwitseynr@dailymotion.com
857,Darby,Griswaite,dgriswaitens@nasa.gov
858,Gunner,Jeste,gjestent@ibm.com
859,Caldwell,Slopier,cslopiernu@ameblo.jp
860,Kelley,Wilbud,kwilbudnv@flickr.com
861,Andras,Broadis,abroadisnw@over-blog.com
862,Sherline,Reckless,srecklessnx@forbes.com
863,Rubina,Seyffert,rseyffertny@oracle.com
864,Juliane,Kiley,jkileynz@hhs.gov
865,Manda,Aberhart,maberharto0@digg.com
866,Thatch,Escolme,tescolmeo1@europa.eu
867,Ban,Dieton,bdietono2@house.gov
868,Emlynne,Gainforth,egainfortho3@businessinsider.com
869,Drusy,Kershaw,dkershawo4@mashable.com
870,Helli,Martinec,hmartineco5@springer.com
871,Sileas,Pashe,spasheo6@nsw.gov.au
872,Christiano,Sherwin,csherwino7@yolasite.com
873,Jimmie,Skelhorn,jskelhorno8@fc2.com
874,Mareah,Truter,mtrutero9@dagondesign.com
875,Carline,Shelp,cshelpoa@opera.com
876,Ingunna,Westgate,iwestgateob@indiatimes.com
877,Inez,Peller,ipelleroc@123-reg.co.uk
878,Cody,Caville,ccavilleod@addtoany.com
879,Deonne,Bilton,dbiltonoe@seesaa.net
880,Lindon,Glenton,lglentonof@cnn.com
881,Verge,Tyght,vtyghtog@hhs.gov
882,Helaina,Clulee,hcluleeoh@jalbum.net
883,Olly,Giraudy,ogiraudyoi@google.com.br
884,Welbie,Thelwll,wthelwlloj@ed.gov
885,Desirae,Blitzer,dblitzerok@sun.com
886,Janifer,Lecordier,jlecordierol@t.co
887,Marwin,Biasini,mbiasiniom@earthlink.net
888,Deborah,D'orsay,ddorsayon@cocolog-nifty.com
889,Winfred,Gildroy,wgildroyoo@mapy.cz
890,Vinita,Toller,vtollerop@lulu.com
891,Rois,Ockleshaw,rockleshawoq@adobe.com
892,Porty,Tremayle,ptremayleor@nytimes.com
893,Jessica,Piser,jpiseros@gnu.org
894,Orelle,Lambie,olambieot@ow.ly
895,Lira,Chittim,lchittimou@walmart.com
896,Patrizio,Hargraves,phargravesov@paginegialle.it
897,Cross,Crusham,ccrushamow@sohu.com
898,Jeffrey,Scranny,jscrannyox@opera.com
899,Kathlin,Rishman,krishmanoy@narod.ru
900,Gabbie,Gowanlock,ggowanlockoz@soundcloud.com
901,Corabella,Gimber,cgimberp0@gov.uk
902,Richy,Balog,rbalogp1@newsvine.com
903,Gib,Roger,grogerp2@berkeley.edu
904,Thorn,Calbreath,tcalbreathp3@themeforest.net
905,Christie,Seabrooke,cseabrookep4@webeden.co.uk
906,Gilly,Sessuns,gsessunsp5@webmd.com
907,Vin,Lougheed,vlougheedp6@zimbio.com
908,Leroi,Aveson,lavesonp7@nifty.com
909,Angie,Bestar,abestarp8@dot.gov
910,Cammy,Pennicott,cpennicottp9@moonfruit.com
911,Nikos,Bortolutti,nbortoluttipa@nps.gov
912,Amabel,De Laci,adelacipb@elegantthemes.com
913,Tymothy,Berggren,tberggrenpc@redcross.org
914,Kati,Peasnone,kpeasnonepd@ustream.tv
915,Valenka,Moyles,vmoylespe@joomla.org
916,Adelaida,Prettyjohns,aprettyjohnspf@howstuffworks.com
917,Aloisia,Tutill,atutillpg@webnode.com
918,Esme,Tomaskov,etomaskovph@usda.gov
919,Robert,Ivamy,rivamypi@friendfeed.com
920,Mile,Oakenfield,moakenfieldpj@cyberchimps.com
921,Noah,Marron,nmarronpk@thetimes.co.uk
922,Shana,Tremmil,stremmilpl@csmonitor.com
923,Minette,Lowbridge,mlowbridgepm@goodreads.com
924,Anton,Dennidge,adennidgepn@wp.com
925,Eldin,Minney,eminneypo@mlb.com
926,Lynnett,Crosoer,lcrosoerpp@dropbox.com
927,Marijo,Hulson,mhulsonpq@google.fr
928,Larina,Chominski,lchominskipr@youku.com
929,Denyse,Shergold,dshergoldps@so-net.ne.jp
930,Chancey,McMackin,cmcmackinpt@answers.com
931,Hinda,Vales,hvalespu@admin.ch
932,Jaynell,Hance,jhancepv@biblegateway.com
933,Gypsy,McInnes,gmcinnespw@engadget.com
934,Isis,MacKee,imackeepx@apache.org
935,Lin,Chue,lchuepy@springer.com
936,Elfreda,Ribou,eriboupz@google.pl
937,Panchito,Simo,psimoq0@lycos.com
938,Evangelin,Aumerle,eaumerleq1@nasa.gov
939,Jo-ann,Choulerton,jchoulertonq2@wunderground.com
940,Kendra,Ayer,kayerq3@newsvine.com
941,Irwinn,Rablan,irablanq4@shinystat.com
942,Dewitt,Wheelhouse,dwheelhouseq5@timesonline.co.uk
943,Joly,Lighterness,jlighternessq6@imgur.com
944,Ced,Kaley,ckaleyq7@fotki.com
945,Gill,Roantree,groantreeq8@paypal.com
946,Jacki,Brilleman,jbrillemanq9@hhs.gov
947,Carrissa,Symmers,csymmersqa@blinklist.com
948,Lidia,Ions,lionsqb@joomla.org
949,Corilla,Lugg,cluggqc@exblog.jp
950,Michaela,Nelligan,mnelliganqd@hao123.com
951,Francisco,Horrod,fhorrodqe@biblegateway.com
952,Roxie,Tillard,rtillardqf@dell.com
953,Kendra,Hainey`,khaineyqg@istockphoto.com
954,Francklyn,Trahar,ftraharqh@4shared.com
955,Alano,Boggis,aboggisqi@bing.com
956,Lammond,Chillcot,lchillcotqj@amazon.co.uk
957,Cairistiona,Twigger,ctwiggerqk@ed.gov
958,Farleigh,Garfit,fgarfitql@com.com
959,Fairfax,Decreuze,fdecreuzeqm@marriott.com
960,Son,Whild,swhildqn@wp.com
961,Glynis,Merrin,gmerrinqo@weebly.com
962,Fern,Golston,fgolstonqp@chron.com
963,Alverta,Riseam,ariseamqq@va.gov
964,Theressa,Orys,torysqr@people.com.cn
965,Silvain,Coburn,scoburnqs@example.com
966,Radcliffe,Jervis,rjervisqt@smugmug.com
967,Noell,Hoult,nhoultqu@nationalgeographic.com
968,Jermayne,Rosie,jrosieqv@yelp.com
969,Piotr,Strognell,pstrognellqw@typepad.com
970,Timmy,Mesant,tmesantqx@discovery.com
971,Leilah,Shingles,lshinglesqy@blogs.com
972,Linet,Cayser,lcayserqz@a8.net
973,Jennica,Scown,jscownr0@apple.com
974,Charlotta,Rozzell,crozzellr1@economist.com
975,Rhea,Mariette,rmarietter2@va.gov
976,Thorpe,McKerrow,tmckerrowr3@scientificamerican.com
977,Rosella,Ranyard,rranyardr4@dmoz.org
978,Janet,Toby,jtobyr5@bravesites.com
979,Charmian,Scoble,cscobler6@pbs.org
980,Bo,Lennon,blennonr7@ebay.com
981,Fidela,Taw,ftawr8@opensource.org
982,Roley,Woodhams,rwoodhamsr9@google.com.br
983,Anthony,Cantu,acantura@hc360.com
984,Menard,Mansell,mmansellrb@un.org
985,Doralyn,Mapham,dmaphamrc@disqus.com
986,Darlene,Harker,dharkerrd@gov.uk
987,Antonietta,Timbridge,atimbridgere@twitpic.com
988,Trev,Radke,tradkerf@usda.gov
989,Danya,Tapley,dtapleyrg@vinaora.com
990,Dareen,Yven,dyvenrh@histats.com
991,Desiree,Ayris,dayrisri@umich.edu
992,Constancy,Seers,cseersrj@harvard.edu
993,Jase,Coonan,jcoonanrk@is.gd
994,Claudell,Redier,credierrl@trellian.com
995,Zulema,Baltzar,zbaltzarrm@istockphoto.com
996,Roddie,Huggins,rhugginsrn@vistaprint.com
997,Gilbert,Mardoll,gmardollro@adobe.com
998,Mycah,Karpeev,mkarpeevrp@uiuc.edu
999,Lucio,Mavin,lmavinrq@php.net
1000,Rosie,Patshull,rpatshullrr@miitbeian.gov.cn
