48,Rudy,Grene,rgrene1b@gmpg.org
66,Otto,Kamenar,okamenar1t@economist.com
114,Corny,Darby,cdarby35@slate.com
149,Guss,Shannahan,gshannahan44@issuu.com
183,Jud,Leddy,jleddy52@answers.com
184,Brody,McEntee,bmcentee53@umn.edu
298,My,Lyven,mlyven89@fotki.com
322,Robb,Drakes,rdrakes8x@latimes.com
336,Zolly,Sidaway,zsidaway9b@mayoclinic.com
338,Woodrow,Videan,wvidean9d@hud.gov
401,Cy,Spira,cspirab4@zdnet.com
426,Tully,Nizard,tnizardbt@google.ru
518,Guss,McErlaine,gmcerlaineed@yelp.com
609,Murry,Brickner,mbricknergw@weebly.com
624,Robbyn,Leaney,rleaneyhb@sakura.ne.jp
674,Osmund,Scane,oscaneip@europa.eu
676,Solly,Hatwells,shatwellsir@wix.com
736,Hunt,Astle,hastlekf@washington.edu
749,Rufus,Crevagh,rcrevaghks@shop-pro.jp
774,Judy,Warr,jwarrlh@de.vu
869,Drusy,Kershaw,dkershawo4@mashable.com
878,Cody,Caville,ccavilleod@addtoany.com
892,Porty,Tremayle,ptremayleor@nytimes.com
904,Thorn,Calbreath,tcalbreathp3@themeforest.net
913,Tymothy,Berggren,tberggrenpc@redcross.org
933,Gypsy,McInnes,gmcinnespw@engadget.com
943,Joly,Lighterness,jlighternessq6@imgur.com
960,Son,Whild,swhildqn@wp.com
1043,Lyn,Arthan,larthan16@ovh.net
1069,Donny,MacPaden,dmacpaden1w@typepad.com
1132,Bo,Dench,bdench3n@i2i.jp
1148,Ogdon,Ference,oference43@howstuffworks.com
1177,Gus,Effnert,geffnert4w@prnewswire.com
1218,Holly,Geldert,hgeldert61@naver.com
1222,Scotty,Instrell,sinstrell65@bluehost.com
1322,Roslyn,Easlea,reaslea8x@omniture.com
1370,Murdock,Maccree,mmaccreea9@answers.com
1405,Judd,Ainger,jaingerb8@irs.gov
1407,Drucy,Tremberth,dtremberthba@yale.edu
1532,Ty,Redshaw,tredshawer@bloomberg.com
1563,Blondy,Hilland,bhillandfm@squidoo.com
1571,Brynn,Malyj,bmalyjfu@ocn.ne.jp
1607,Corly,Naish,cnaishgu@boston.com
1673,Norry,Abbate,nabbateio@statcounter.com
1674,Cross,Vidgen,cvidgenip@plala.or.jp
1713,Murvyn,McInility,mmcinilityjs@prweb.com
1812,Scot,Carff,scarffmj@fc2.com
1885,Holly,Walbridge,hwalbridgeok@baidu.com
1990,Cody,Edeler,cedelerrh@comsenz.com
